{
    "loss": 34.01443862915039,
    "accuracy": 0.4313725531101227
}