{
    "loss": 11.035444259643555,
    "accuracy": 0.5686274766921997
}