{
    "loss": 4.953199863433838,
    "accuracy": 0.4901960790157318
}