{
    "loss": 1.5952621698379517,
    "accuracy": 0.7254902124404907
}