{
    "loss": 6.16624116897583,
    "accuracy": 0.5686274766921997
}