{
    "loss": 0.5861450433731079,
    "accuracy": 0.7254902124404907
}