{
    "loss": 18.019956588745117,
    "accuracy": 0.4313725531101227
}