{
    "loss": 33.757747650146484,
    "accuracy": 0.4313725531101227
}