{
    "loss": 4.301554203033447,
    "accuracy": 0.5686274766921997
}