{
    "loss": 13.376688957214355,
    "accuracy": 0.4313725531101227
}